quarter,P,EPS,D/E,P/E,SIZE
2019Q1,,,1.0637639044971245,,
2019Q2,,,1.061640734599246,,
2019Q3,,,1.061867189289335,,
2019Q4,,,1.0626503526500692,,
2020Q1,,,,,
2020Q2,,,,,
2020Q3,,,,,
2020Q4,,,,,
2021Q1,,,,,
2021Q2,,,,,
2021Q3,,,,,
2021Q4,,,,,
2022Q1,,,,,
2022Q2,,,,,
2022Q3,,,,,
2022Q4,,,,,
2023Q1,,,,,
2023Q2,,,,,
2023Q3,31224.468085106382,,,,
2023Q4,28817.1875,,,,
2024Q1,30533.050847457627,,,,
2024Q2,28970.491803278688,,,,
2024Q3,29892.85714285714,,,,
2024Q4,34031.45161290323,,,,
