quarter,P,EPS,D/E,P/E,SIZE
2019Q1,4.987868785858154,,,,
2019Q2,5.134374926487605,,,,
2019Q3,,,,,
2019Q4,,,,,
2020Q1,,,,,
2020Q2,,,,,
2020Q3,,0.7448776034,0.6385304527313052,,25.66785918829386
2020Q4,,0.251677897575,0.36465383177467897,,25.59602344397031
2021Q1,,,,,
2021Q2,,,,,
2021Q3,,,,,
2021Q4,,,,,
2022Q1,,,,,
2022Q2,,,,,
2022Q3,,,,,
2022Q4,,,,,
2023Q1,,,,,
2023Q2,,,,,
2023Q3,,,,,
2023Q4,,,,,
2024Q1,,,,,
2024Q2,,,,,
2024Q3,,,,,
2024Q4,,,,,
